radius,num_clust,max_clust_size,max_normalized,mean_clust_size,median_clust_size
10,20,24,0.123076923076923,3.65,2
20,7,66,0.338461538461538,10.8571428571429,2
30,6,71,0.364102564102564,13.5,1.5
40,5,71,0.364102564102564,16.8,2
50,2,84,0.430769230769231,43.5,43.5
